Date,Temperature,State
2000-01,25.1,Australian Capital Territory
2000-02,29.2,Australian Capital Territory
2000-03,25.7,Australian Capital Territory
2000-04,20.4,Australian Capital Territory
2000-05,15.1,Australian Capital Territory
2000-06,12.6,Australian Capital Territory
2000-07,11.9,Australian Capital Territory
2000-08,13.5,Australian Capital Territory
2000-09,18.2,Australian Capital Territory
2000-10,19.5,Australian Capital Territory
2000-11,22.8,Australian Capital Territory
2000-12,28,Australian Capital Territory
2001-01,31.2,Australian Capital Territory
2001-02,29,Australian Capital Territory
2001-03,23.7,Australian Capital Territory
2001-04,21.3,Australian Capital Territory
2001-05,16.6,Australian Capital Territory
2001-06,14.3,Australian Capital Territory
2001-07,12.6,Australian Capital Territory
2001-08,13.7,Australian Capital Territory
2001-09,18.8,Australian Capital Territory
2001-10,18.9,Australian Capital Territory
2001-11,22.4,Australian Capital Territory
2001-12,26.5,Australian Capital Territory
2002-01,28.7,Australian Capital Territory
2002-02,24.5,Australian Capital Territory
2002-03,25.5,Australian Capital Territory
2002-04,22.6,Australian Capital Territory
2002-05,16.2,Australian Capital Territory
2002-06,13.4,Australian Capital Territory
2002-07,12.8,Australian Capital Territory
2002-08,14.9,Australian Capital Territory
2002-09,17.9,Australian Capital Territory
2002-10,21.7,Australian Capital Territory
2002-11,27.7,Australian Capital Territory
2002-12,28.4,Australian Capital Territory
2003-01,30.6,Australian Capital Territory
2003-02,29.2,Australian Capital Territory
2003-03,23.9,Australian Capital Territory
2003-04,20.1,Australian Capital Territory
2003-05,17.2,Australian Capital Territory
2003-06,13.2,Australian Capital Territory
2003-07,12.5,Australian Capital Territory
2003-08,13.3,Australian Capital Territory
2003-09,16.8,Australian Capital Territory
2003-10,17.9,Australian Capital Territory
2003-11,24.4,Australian Capital Territory
2003-12,27.6,Australian Capital Territory
2004-01,29.5,Australian Capital Territory
2004-02,30.5,Australian Capital Territory
2004-03,27,Australian Capital Territory
2004-04,22.1,Australian Capital Territory
2004-05,16.5,Australian Capital Territory
2004-06,13.1,Australian Capital Territory
2004-07,12.1,Australian Capital Territory
2004-08,14.6,Australian Capital Territory
2004-09,17.5,Australian Capital Territory
2004-10,20.3,Australian Capital Territory
2004-11,23.7,Australian Capital Territory
2004-12,26.4,Australian Capital Territory
2005-01,28.8,Australian Capital Territory
2005-02,27,Australian Capital Territory
2005-03,24.5,Australian Capital Territory
2005-04,24.3,Australian Capital Territory
2005-05,18.3,Australian Capital Territory
2005-06,13.9,Australian Capital Territory
2005-07,12.7,Australian Capital Territory
2005-08,14.5,Australian Capital Territory
2005-09,16.4,Australian Capital Territory
2005-10,20.4,Australian Capital Territory
2005-11,22.9,Australian Capital Territory
2005-12,28.8,Australian Capital Territory
2006-01,30.6,Australian Capital Territory
2006-02,30.5,Australian Capital Territory
2006-03,27,Australian Capital Territory
2006-04,19.6,Australian Capital Territory
2006-05,16.1,Australian Capital Territory
2006-06,11.8,Australian Capital Territory
2006-07,12.5,Australian Capital Territory
2006-08,15.4,Australian Capital Territory
2006-09,19.3,Australian Capital Territory
2006-10,24,Australian Capital Territory
2006-11,26.4,Australian Capital Territory
2006-12,27.7,Australian Capital Territory
2007-01,30.8,Australian Capital Territory
2007-02,28.3,Australian Capital Territory
2007-03,25.8,Australian Capital Territory
2007-04,22,Australian Capital Territory
2007-05,17.9,Australian Capital Territory
2007-06,11.6,Australian Capital Territory
2007-07,11.4,Australian Capital Territory
2007-08,15.2,Australian Capital Territory
2007-09,17.4,Australian Capital Territory
2007-10,23,Australian Capital Territory
2007-11,24.8,Australian Capital Territory
2007-12,25.1,Australian Capital Territory
2008-01,29.2,Australian Capital Territory
2008-02,24.5,Australian Capital Territory
2008-03,26,Australian Capital Territory
2008-04,19.6,Australian Capital Territory
2008-05,17.2,Australian Capital Territory
2008-06,14.5,Australian Capital Territory
2008-07,11.6,Australian Capital Territory
2008-08,13,Australian Capital Territory
2008-09,18.3,Australian Capital Territory
2008-10,23.1,Australian Capital Territory
2008-11,23.1,Australian Capital Territory
2008-12,24.9,Australian Capital Territory
2009-01,31.3,Australian Capital Territory
2009-02,28.9,Australian Capital Territory
2009-03,26.6,Australian Capital Territory
2009-04,19.6,Australian Capital Territory
2009-05,16.4,Australian Capital Territory
2009-06,12.4,Australian Capital Territory
2009-07,12.6,Australian Capital Territory
2009-08,14.7,Australian Capital Territory
2009-09,17.6,Australian Capital Territory
2009-10,18.8,Australian Capital Territory
2009-11,28.8,Australian Capital Territory
2009-12,29,Australian Capital Territory
2000-01,24.9,New South Wales
2000-02,28.2,New South Wales
2000-03,25.2,New South Wales
2000-04,22.8,New South Wales
2000-05,19.9,New South Wales
2000-06,17.1,New South Wales
2000-07,17.6,New South Wales
2000-08,18.4,New South Wales
2000-09,22.8,New South Wales
2000-10,22.9,New South Wales
2000-11,23.3,New South Wales
2000-12,28,New South Wales
2001-01,27.9,New South Wales
2001-02,27,New South Wales
2001-03,25.4,New South Wales
2001-04,23.6,New South Wales
2001-05,19,New South Wales
2001-06,19.3,New South Wales
2001-07,16.8,New South Wales
2001-08,18.9,New South Wales
2001-09,21.9,New South Wales
2001-10,23.8,New South Wales
2001-11,23.3,New South Wales
2001-12,26.6,New South Wales
2002-01,26.8,New South Wales
2002-02,25.1,New South Wales
2002-03,25.2,New South Wales
2002-04,23.7,New South Wales
2002-05,19.5,New South Wales
2002-06,18.4,New South Wales
2002-07,17.9,New South Wales
2002-08,19,New South Wales
2002-09,22.9,New South Wales
2002-10,24.6,New South Wales
2002-11,25.9,New South Wales
2002-12,25.9,New South Wales
2003-01,27.6,New South Wales
2003-02,27.2,New South Wales
2003-03,24.6,New South Wales
2003-04,21.9,New South Wales
2003-05,20.3,New South Wales
2003-06,19.5,New South Wales
2003-07,17.4,New South Wales
2003-08,18.9,New South Wales
2003-09,22.4,New South Wales
2003-10,21.2,New South Wales
2003-11,22.9,New South Wales
2003-12,26.5,New South Wales
2004-01,27.8,New South Wales
2004-02,27.8,New South Wales
2004-03,25.6,New South Wales
2004-04,23.8,New South Wales
2004-05,20.6,New South Wales
2004-06,19.8,New South Wales
2004-07,17.4,New South Wales
2004-08,19.3,New South Wales
2004-09,21.4,New South Wales
2004-10,23.3,New South Wales
2004-11,25.7,New South Wales
2004-12,26.1,New South Wales
2005-01,27,New South Wales
2005-02,27.4,New South Wales
2005-03,23.8,New South Wales
2005-04,25.2,New South Wales
2005-05,20.4,New South Wales
2005-06,19.3,New South Wales
2005-07,18.7,New South Wales
2005-08,19.6,New South Wales
2005-09,20.7,New South Wales
2005-10,24.4,New South Wales
2005-11,24.8,New South Wales
2005-12,29.5,New South Wales
2006-01,28,New South Wales
2006-02,27.9,New South Wales
2006-03,26.8,New South Wales
2006-04,23.7,New South Wales
2006-05,19.9,New South Wales
2006-06,16.4,New South Wales
2006-07,17.3,New South Wales
2006-08,19,New South Wales
2006-09,22.9,New South Wales
2006-10,24.4,New South Wales
2006-11,25,New South Wales
2006-12,25,New South Wales
2007-01,27.5,New South Wales
2007-02,26.8,New South Wales
2007-03,26.3,New South Wales
2007-04,22.8,New South Wales
2007-05,22.7,New South Wales
2007-06,16.7,New South Wales
2007-07,16.8,New South Wales
2007-08,20.1,New South Wales
2007-09,21,New South Wales
2007-10,25.8,New South Wales
2007-11,23.7,New South Wales
2007-12,25.4,New South Wales
2008-01,27,New South Wales
2008-02,24.6,New South Wales
2008-03,25.6,New South Wales
2008-04,21.1,New South Wales
2008-05,20.2,New South Wales
2008-06,18.7,New South Wales
2008-07,17.1,New South Wales
2008-08,17.3,New South Wales
2008-09,21.7,New South Wales
2008-10,24,New South Wales
2008-11,24.1,New South Wales
2008-12,27,New South Wales
2009-01,28.7,New South Wales
2009-02,26.1,New South Wales
2009-03,26.2,New South Wales
2009-04,22.6,New South Wales
2009-05,20.4,New South Wales
2009-06,18.3,New South Wales
2009-07,18.1,New South Wales
2009-08,21.5,New South Wales
2009-09,23.5,New South Wales
2009-10,21.9,New South Wales
2009-11,27.2,New South Wales
2009-12,26.4,New South Wales
2000-01,31.4,Northern Territory
2000-02,30.9,Northern Territory
2000-03,31,Northern Territory
2000-04,31.5,Northern Territory
2000-05,31.3,Northern Territory
2000-06,29.2,Northern Territory
2000-07,30.5,Northern Territory
2000-08,31.8,Northern Territory
2000-09,33.3,Northern Territory
2000-10,32.9,Northern Territory
2000-11,33.9,Northern Territory
2000-12,31.4,Northern Territory
2001-01,31.8,Northern Territory
2001-02,31.3,Northern Territory
2001-03,31.6,Northern Territory
2001-04,32.6,Northern Territory
2001-05,31.5,Northern Territory
2001-06,31.7,Northern Territory
2001-07,30.6,Northern Territory
2001-08,31.2,Northern Territory
2001-09,33.1,Northern Territory
2001-10,33.8,Northern Territory
2001-11,33.9,Northern Territory
2001-12,32.5,Northern Territory
2002-01,33.1,Northern Territory
2002-02,31,Northern Territory
2002-03,33.3,Northern Territory
2002-04,33.5,Northern Territory
2002-05,33,Northern Territory
2002-06,31.2,Northern Territory
2002-07,30.8,Northern Territory
2002-08,31.7,Northern Territory
2002-09,31.8,Northern Territory
2002-10,34.2,Northern Territory
2002-11,34.1,Northern Territory
2002-12,34.4,Northern Territory
2003-01,32.1,Northern Territory
2003-02,31.1,Northern Territory
2003-03,31.9,Northern Territory
2003-04,34,Northern Territory
2003-05,33,Northern Territory
2003-06,32,Northern Territory
2003-07,31.7,Northern Territory
2003-08,31.6,Northern Territory
2003-09,33,Northern Territory
2003-10,34.1,Northern Territory
2003-11,33.8,Northern Territory
2003-12,32.7,Northern Territory
2004-01,31.8,Northern Territory
2004-02,30.9,Northern Territory
2004-03,31.9,Northern Territory
2004-04,34,Northern Territory
2004-05,31.9,Northern Territory
2004-06,29.7,Northern Territory
2004-07,30.3,Northern Territory
2004-08,30.7,Northern Territory
2004-09,32.9,Northern Territory
2004-10,33.8,Northern Territory
2004-11,34.3,Northern Territory
2004-12,33.5,Northern Territory
2005-01,32.4,Northern Territory
2005-02,32.8,Northern Territory
2005-03,32.7,Northern Territory
2005-04,33.5,Northern Territory
2005-05,32.6,Northern Territory
2005-06,31.5,Northern Territory
2005-07,31.9,Northern Territory
2005-08,32,Northern Territory
2005-09,32.9,Northern Territory
2005-10,34.2,Northern Territory
2005-11,33.9,Northern Territory
2005-12,33.2,Northern Territory
2006-01,31,Northern Territory
2006-02,32.7,Northern Territory
2006-03,30.9,Northern Territory
2006-04,31.1,Northern Territory
2006-05,30.8,Northern Territory
2006-06,29.9,Northern Territory
2006-07,29.6,Northern Territory
2006-08,31.4,Northern Territory
2006-09,32.8,Northern Territory
2006-10,33.6,Northern Territory
2006-11,33.9,Northern Territory
2006-12,33.9,Northern Territory
2007-01,32.4,Northern Territory
2007-02,32.1,Northern Territory
2007-03,30.9,Northern Territory
2007-04,33.1,Northern Territory
2007-05,33.4,Northern Territory
2007-06,29.9,Northern Territory
2007-07,29.9,Northern Territory
2007-08,31.3,Northern Territory
2007-09,33.1,Northern Territory
2007-10,33.9,Northern Territory
2007-11,33.6,Northern Territory
2007-12,33.3,Northern Territory
2008-01,32.2,Northern Territory
2008-02,30.8,Northern Territory
2008-03,32.2,Northern Territory
2008-04,33.3,Northern Territory
2008-05,32.5,Northern Territory
2008-06,31.4,Northern Territory
2008-07,31.2,Northern Territory
2008-08,32.6,Northern Territory
2008-09,33.3,Northern Territory
2008-10,34.4,Northern Territory
2008-11,34.2,Northern Territory
2008-12,32.2,Northern Territory
2009-01,32.1,Northern Territory
2009-02,30.9,Northern Territory
2009-03,33.2,Northern Territory
2009-04,33.6,Northern Territory
2009-05,32.6,Northern Territory
2009-06,31.5,Northern Territory
2009-07,31.3,Northern Territory
2009-08,32,Northern Territory
2009-09,33.5,Northern Territory
2009-10,34.8,Northern Territory
2009-11,33.7,Northern Territory
2009-12,32.9,Northern Territory
2000-01,29.3,Queensland
2000-02,28.4,Queensland
2000-03,28.8,Queensland
2000-04,26.5,Queensland
2000-05,23.7,Queensland
2000-06,21,Queensland
2000-07,21.8,Queensland
2000-08,23.5,Queensland
2000-09,27,Queensland
2000-10,26.5,Queensland
2000-11,26.6,Queensland
2000-12,29.3,Queensland
2001-01,30.4,Queensland
2001-02,29.1,Queensland
2001-03,29.8,Queensland
2001-04,26.9,Queensland
2001-05,24.5,Queensland
2001-06,23.2,Queensland
2001-07,22.4,Queensland
2001-08,23.1,Queensland
2001-09,25.1,Queensland
2001-10,27.8,Queensland
2001-11,27.5,Queensland
2001-12,30.6,Queensland
2002-01,31.4,Queensland
2002-02,31.3,Queensland
2002-03,29.9,Queensland
2002-04,27.8,Queensland
2002-05,24.1,Queensland
2002-06,22.4,Queensland
2002-07,22.5,Queensland
2002-08,22.5,Queensland
2002-09,26.3,Queensland
2002-10,27.6,Queensland
2002-11,28.3,Queensland
2002-12,29.7,Queensland
2003-01,30.4,Queensland
2003-02,28.8,Queensland
2003-03,27.9,Queensland
2003-04,26.2,Queensland
2003-05,24.1,Queensland
2003-06,22.4,Queensland
2003-07,21.2,Queensland
2003-08,22.6,Queensland
2003-09,27.6,Queensland
2003-10,26.5,Queensland
2003-11,27.7,Queensland
2003-12,29.1,Queensland
2004-01,31.5,Queensland
2004-02,32.2,Queensland
2004-03,29,Queensland
2004-04,27.4,Queensland
2004-05,24.7,Queensland
2004-06,23.3,Queensland
2004-07,23,Queensland
2004-08,23.6,Queensland
2004-09,25.2,Queensland
2004-10,28.4,Queensland
2004-11,28.2,Queensland
2004-12,29.3,Queensland
2005-01,30.2,Queensland
2005-02,30.8,Queensland
2005-03,29.3,Queensland
2005-04,27.7,Queensland
2005-05,24.8,Queensland
2005-06,21.9,Queensland
2005-07,22.4,Queensland
2005-08,23,Queensland
2005-09,25.5,Queensland
2005-10,28.3,Queensland
2005-11,28.1,Queensland
2005-12,32.1,Queensland
2006-01,30.6,Queensland
2006-02,30.8,Queensland
2006-03,28.3,Queensland
2006-04,27.8,Queensland
2006-05,25,Queensland
2006-06,21.8,Queensland
2006-07,22.5,Queensland
2006-08,24,Queensland
2006-09,24.2,Queensland
2006-10,25.9,Queensland
2006-11,27.6,Queensland
2006-12,27.4,Queensland
2007-01,29.8,Queensland
2007-02,29.4,Queensland
2007-03,30.8,Queensland
2007-04,28,Queensland
2007-05,26.5,Queensland
2007-06,20.4,Queensland
2007-07,21.3,Queensland
2007-08,23.1,Queensland
2007-09,25.5,Queensland
2007-10,27.9,Queensland
2007-11,26.7,Queensland
2007-12,28.5,Queensland
2008-01,28.9,Queensland
2008-02,29,Queensland
2008-03,27.3,Queensland
2008-04,26.1,Queensland
2008-05,24.3,Queensland
2008-06,22.9,Queensland
2008-07,20.6,Queensland
2008-08,21.6,Queensland
2008-09,24.6,Queensland
2008-10,24.9,Queensland
2008-11,28.2,Queensland
2008-12,30.2,Queensland
2009-01,30.1,Queensland
2009-02,29.9,Queensland
2009-03,29,Queensland
2009-04,27.4,Queensland
2009-05,24,Queensland
2009-06,21.6,Queensland
2009-07,21.4,Queensland
2009-08,25.5,Queensland
2009-09,26.7,Queensland
2009-10,27.8,Queensland
2009-11,29.5,Queensland
2009-12,30.2,Queensland
2000-01,27.5,South Australia
2000-02,31.6,South Australia
2000-03,25.5,South Australia
2000-04,22.4,South Australia
2000-05,17.3,South Australia
2000-06,15.2,South Australia
2000-07,15.1,South Australia
2000-08,15.5,South Australia
2000-09,18.3,South Australia
2000-10,20.4,South Australia
2000-11,26.6,South Australia
2000-12,27.2,South Australia
2001-01,32.5,South Australia
2001-02,30.7,South Australia
2001-03,24.9,South Australia
2001-04,22,South Australia
2001-05,18.5,South Australia
2001-06,15.9,South Australia
2001-07,15.1,South Australia
2001-08,15.6,South Australia
2001-09,19.5,South Australia
2001-10,18.1,South Australia
2001-11,21.6,South Australia
2001-12,22.5,South Australia
2002-01,26.6,South Australia
2002-02,25.4,South Australia
2002-03,24.9,South Australia
2002-04,23.7,South Australia
2002-05,20.3,South Australia
2002-06,15.9,South Australia
2002-07,15.7,South Australia
2002-08,16,South Australia
2002-09,18.8,South Australia
2002-10,21.1,South Australia
2002-11,25,South Australia
2002-12,27.1,South Australia
2003-01,30.4,South Australia
2003-02,27.8,South Australia
2003-03,23.7,South Australia
2003-04,22.5,South Australia
2003-05,19.4,South Australia
2003-06,15.7,South Australia
2003-07,15.4,South Australia
2003-08,14.8,South Australia
2003-09,17.4,South Australia
2003-10,18.6,South Australia
2003-11,26.9,South Australia
2003-12,27.5,South Australia
2004-01,24.5,South Australia
2004-02,30.2,South Australia
2004-03,26.3,South Australia
2004-04,23,South Australia
2004-05,18.3,South Australia
2004-06,16.1,South Australia
2004-07,14.6,South Australia
2004-08,16.3,South Australia
2004-09,17.7,South Australia
2004-10,23.1,South Australia
2004-11,24.4,South Australia
2004-12,26.1,South Australia
2005-01,27.8,South Australia
2005-02,26,South Australia
2005-03,24.8,South Australia
2005-04,25,South Australia
2005-05,20.4,South Australia
2005-06,17.8,South Australia
2005-07,15.3,South Australia
2005-08,17.1,South Australia
2005-09,18.2,South Australia
2005-10,21.5,South Australia
2005-11,24.6,South Australia
2005-12,27.1,South Australia
2006-01,30.9,South Australia
2006-02,26.2,South Australia
2006-03,27.3,South Australia
2006-04,20.4,South Australia
2006-05,17,South Australia
2006-06,15.4,South Australia
2006-07,15.3,South Australia
2006-08,17.9,South Australia
2006-09,20.6,South Australia
2006-10,23.6,South Australia
2006-11,25.4,South Australia
2006-12,27.7,South Australia
2007-01,28.6,South Australia
2007-02,30.5,South Australia
2007-03,27,South Australia
2007-04,24.1,South Australia
2007-05,19.8,South Australia
2007-06,14.6,South Australia
2007-07,15.3,South Australia
2007-08,17.9,South Australia
2007-09,20.8,South Australia
2007-10,23.1,South Australia
2007-11,26.4,South Australia
2007-12,27.6,South Australia
2008-01,29.1,South Australia
2008-02,26.7,South Australia
2008-03,29.7,South Australia
2008-04,22.3,South Australia
2008-05,19.3,South Australia
2008-06,16.8,South Australia
2008-07,14.9,South Australia
2008-08,14.6,South Australia
2008-09,19.8,South Australia
2008-10,23,South Australia
2008-11,23.8,South Australia
2008-12,24.4,South Australia
2009-01,29.8,South Australia
2009-02,30,South Australia
2009-03,25.3,South Australia
2009-04,22.2,South Australia
2009-05,18.1,South Australia
2009-06,16.1,South Australia
2009-07,15.5,South Australia
2009-08,17.8,South Australia
2009-09,19.3,South Australia
2009-10,21.3,South Australia
2009-11,29.8,South Australia
2009-12,27.3,South Australia
2000-01,21.2,Tasmania
2000-02,23.4,Tasmania
2000-03,21.3,Tasmania
2000-04,19,Tasmania
2000-05,15.6,Tasmania
2000-06,13.6,Tasmania
2000-07,12.8,Tasmania
2000-08,13.2,Tasmania
2000-09,15.9,Tasmania
2000-10,16.9,Tasmania
2000-11,19.9,Tasmania
2000-12,21.4,Tasmania
2001-01,23.3,Tasmania
2001-02,25,Tasmania
2001-03,21,Tasmania
2001-04,18.1,Tasmania
2001-05,13.7,Tasmania
2001-06,12.9,Tasmania
2001-07,12.5,Tasmania
2001-08,13.2,Tasmania
2001-09,17.1,Tasmania
2001-10,16.9,Tasmania
2001-11,16.9,Tasmania
2001-12,17.8,Tasmania
2002-01,20.3,Tasmania
2002-02,21.4,Tasmania
2002-03,21.5,Tasmania
2002-04,18.5,Tasmania
2002-05,15.8,Tasmania
2002-06,13.4,Tasmania
2002-07,13.7,Tasmania
2002-08,14.1,Tasmania
2002-09,15.4,Tasmania
2002-10,16.1,Tasmania
2002-11,20,Tasmania
2002-12,21.1,Tasmania
2003-01,25,Tasmania
2003-02,22.5,Tasmania
2003-03,18.9,Tasmania
2003-04,16.6,Tasmania
2003-05,15.4,Tasmania
2003-06,13.4,Tasmania
2003-07,12.3,Tasmania
2003-08,13.6,Tasmania
2003-09,13.9,Tasmania
2003-10,15.4,Tasmania
2003-11,19.5,Tasmania
2003-12,22,Tasmania
2004-01,21.1,Tasmania
2004-02,21.5,Tasmania
2004-03,20,Tasmania
2004-04,16.7,Tasmania
2004-05,13.6,Tasmania
2004-06,12.4,Tasmania
2004-07,11.6,Tasmania
2004-08,12.7,Tasmania
2004-09,15.3,Tasmania
2004-10,17.6,Tasmania
2004-11,19.2,Tasmania
2004-12,20.2,Tasmania
2005-01,22.1,Tasmania
2005-02,21.1,Tasmania
2005-03,18.5,Tasmania
2005-04,19,Tasmania
2005-05,15.2,Tasmania
2005-06,12.8,Tasmania
2005-07,13.3,Tasmania
2005-08,14.5,Tasmania
2005-09,15.5,Tasmania
2005-10,17.4,Tasmania
2005-11,19.6,Tasmania
2005-12,22,Tasmania
2006-01,22,Tasmania
2006-02,22.1,Tasmania
2006-03,20.4,Tasmania
2006-04,15,Tasmania
2006-05,13.6,Tasmania
2006-06,11.9,Tasmania
2006-07,11.8,Tasmania
2006-08,14.7,Tasmania
2006-09,16,Tasmania
2006-10,18,Tasmania
2006-11,17.4,Tasmania
2006-12,20.9,Tasmania
2007-01,22.9,Tasmania
2007-02,22.8,Tasmania
2007-03,20.5,Tasmania
2007-04,17.5,Tasmania
2007-05,17.3,Tasmania
2007-06,10.8,Tasmania
2007-07,11.7,Tasmania
2007-08,13.7,Tasmania
2007-09,15.8,Tasmania
2007-10,17.4,Tasmania
2007-11,20.6,Tasmania
2007-12,22.7,Tasmania
2008-01,24.1,Tasmania
2008-02,21.1,Tasmania
2008-03,21.9,Tasmania
2008-04,18,Tasmania
2008-05,16.2,Tasmania
2008-06,13.9,Tasmania
2008-07,11.7,Tasmania
2008-08,13.7,Tasmania
2008-09,16.5,Tasmania
2008-10,19,Tasmania
2008-11,18.2,Tasmania
2008-12,20.2,Tasmania
2009-01,23.7,Tasmania
2009-02,21.2,Tasmania
2009-03,20,Tasmania
2009-04,17.6,Tasmania
2009-05,15.5,Tasmania
2009-06,12.4,Tasmania
2009-07,12.5,Tasmania
2009-08,14.1,Tasmania
2009-09,16.1,Tasmania
2009-10,16.3,Tasmania
2009-11,19.9,Tasmania
2009-12,21.9,Tasmania
2000-01,24.9,Victoria
2000-02,29.5,Victoria
2000-03,25.5,Victoria
2000-04,21.2,Victoria
2000-05,15.8,Victoria
2000-06,13.6,Victoria
2000-07,13.3,Victoria
2000-08,14.8,Victoria
2000-09,17.2,Victoria
2000-10,17.8,Victoria
2000-11,22.9,Victoria
2000-12,26.2,Victoria
2001-01,29.7,Victoria
2001-02,29.2,Victoria
2001-03,24.2,Victoria
2001-04,20.2,Victoria
2001-05,16,Victoria
2001-06,14.9,Victoria
2001-07,13.4,Victoria
2001-08,14.6,Victoria
2001-09,18.5,Victoria
2001-10,18.7,Victoria
2001-11,20.3,Victoria
2001-12,21,Victoria
2002-01,25.1,Victoria
2002-02,24.7,Victoria
2002-03,23.8,Victoria
2002-04,21.2,Victoria
2002-05,17.9,Victoria
2002-06,14.8,Victoria
2002-07,14.3,Victoria
2002-08,15.2,Victoria
2002-09,18,Victoria
2002-10,20.5,Victoria
2002-11,23.8,Victoria
2002-12,25.2,Victoria
2003-01,27.7,Victoria
2003-02,26,Victoria
2003-03,23.7,Victoria
2003-04,20.4,Victoria
2003-05,18,Victoria
2003-06,14.7,Victoria
2003-07,13.6,Victoria
2003-08,13.7,Victoria
2003-09,16.4,Victoria
2003-10,16.4,Victoria
2003-11,22.8,Victoria
2003-12,27.4,Victoria
2004-01,24.8,Victoria
2004-02,26.4,Victoria
2004-03,23.5,Victoria
2004-04,20.9,Victoria
2004-05,16.3,Victoria
2004-06,13.9,Victoria
2004-07,12.9,Victoria
2004-08,15.2,Victoria
2004-09,15.9,Victoria
2004-10,20.2,Victoria
2004-11,21.4,Victoria
2004-12,23.9,Victoria
2005-01,26.7,Victoria
2005-02,23.3,Victoria
2005-03,23.1,Victoria
2005-04,23.4,Victoria
2005-05,17.8,Victoria
2005-06,15.4,Victoria
2005-07,14.1,Victoria
2005-08,14.9,Victoria
2005-09,17,Victoria
2005-10,20.5,Victoria
2005-11,23.7,Victoria
2005-12,27.5,Victoria
2006-01,27.9,Victoria
2006-02,25.2,Victoria
2006-03,26,Victoria
2006-04,18.6,Victoria
2006-05,15.2,Victoria
2006-06,13,Victoria
2006-07,13.1,Victoria
2006-08,15.8,Victoria
2006-09,18.6,Victoria
2006-10,21.5,Victoria
2006-11,22.8,Victoria
2006-12,25.2,Victoria
2007-01,28.3,Victoria
2007-02,29.6,Victoria
2007-03,25.5,Victoria
2007-04,22.2,Victoria
2007-05,18.7,Victoria
2007-06,12.6,Victoria
2007-07,12.5,Victoria
2007-08,16,Victoria
2007-09,18,Victoria
2007-10,21.2,Victoria
2007-11,24.2,Victoria
2007-12,26.3,Victoria
2008-01,27.7,Victoria
2008-02,24.1,Victoria
2008-03,27.1,Victoria
2008-04,20.5,Victoria
2008-05,16.2,Victoria
2008-06,14.7,Victoria
2008-07,12.9,Victoria
2008-08,13.4,Victoria
2008-09,18.4,Victoria
2008-10,21.7,Victoria
2008-11,22.8,Victoria
2008-12,23,Victoria
2009-01,28.8,Victoria
2009-02,27.9,Victoria
2009-03,24.2,Victoria
2009-04,20.3,Victoria
2009-05,17,Victoria
2009-06,14.3,Victoria
2009-07,13.9,Victoria
2009-08,15.8,Victoria
2009-09,17.9,Victoria
2009-10,19.4,Victoria
2009-11,26.8,Victoria
2009-12,25.1,Victoria
2000-01,30.4,Western Australia
2000-02,31.2,Western Australia
2000-03,28.8,Western Australia
2000-04,25.7,Western Australia
2000-05,22.2,Western Australia
2000-06,19.9,Western Australia
2000-07,18.1,Western Australia
2000-08,17.7,Western Australia
2000-09,20.7,Western Australia
2000-10,24,Western Australia
2000-11,26.4,Western Australia
2000-12,30.1,Western Australia
2001-01,29.9,Western Australia
2001-02,30.2,Western Australia
2001-03,29.3,Western Australia
2001-04,26.5,Western Australia
2001-05,21.4,Western Australia
2001-06,20.1,Western Australia
2001-07,18.8,Western Australia
2001-08,18.5,Western Australia
2001-09,19.6,Western Australia
2001-10,22,Western Australia
2001-11,27.4,Western Australia
2001-12,26.6,Western Australia
2002-01,30.6,Western Australia
2002-02,30.7,Western Australia
2002-03,29.1,Western Australia
2002-04,24.8,Western Australia
2002-05,22.9,Western Australia
2002-06,19.2,Western Australia
2002-07,18.7,Western Australia
2002-08,18.6,Western Australia
2002-09,19.9,Western Australia
2002-10,22.3,Western Australia
2002-11,26.6,Western Australia
2002-12,30.4,Western Australia
2003-01,30.9,Western Australia
2003-02,30.6,Western Australia
2003-03,30.1,Western Australia
2003-04,25.6,Western Australia
2003-05,24,Western Australia
2003-06,19.1,Western Australia
2003-07,17.8,Western Australia
2003-08,18.2,Western Australia
2003-09,19.8,Western Australia
2003-10,22.2,Western Australia
2003-11,27.6,Western Australia
2003-12,28.3,Western Australia
2004-01,31,Western Australia
2004-02,32,Western Australia
2004-03,29.1,Western Australia
2004-04,26.8,Western Australia
2004-05,21.3,Western Australia
2004-06,19.8,Western Australia
2004-07,18,Western Australia
2004-08,17.6,Western Australia
2004-09,20.1,Western Australia
2004-10,22.8,Western Australia
2004-11,25.4,Western Australia
2004-12,30,Western Australia
2005-01,30,Western Australia
2005-02,30,Western Australia
2005-03,30.5,Western Australia
2005-04,24.7,Western Australia
2005-05,23.3,Western Australia
2005-06,18,Western Australia
2005-07,18.6,Western Australia
2005-08,18.4,Western Australia
2005-09,19.2,Western Australia
2005-10,20.7,Western Australia
2005-11,24.9,Western Australia
2005-12,23.7,Western Australia
2006-01,28.8,Western Australia
2006-02,31.4,Western Australia
2006-03,30.1,Western Australia
2006-04,23.3,Western Australia
2006-05,22.4,Western Australia
2006-06,20.3,Western Australia
2006-07,18.8,Western Australia
2006-08,20.2,Western Australia
2006-09,20.6,Western Australia
2006-10,24.1,Western Australia
2006-11,27.4,Western Australia
2006-12,30.4,Western Australia
2007-01,29.1,Western Australia
2007-02,30.1,Western Australia
2007-03,30.2,Western Australia
2007-04,25.2,Western Australia
2007-05,21.1,Western Australia
2007-06,19.9,Western Australia
2007-07,19.5,Western Australia
2007-08,19,Western Australia
2007-09,20.2,Western Australia
2007-10,22.8,Western Australia
2007-11,28.5,Western Australia
2007-12,27.7,Western Australia
2008-01,32.8,Western Australia
2008-02,32.5,Western Australia
2008-03,29.4,Western Australia
2008-04,24.2,Western Australia
2008-05,22.6,Western Australia
2008-06,19.7,Western Australia
2008-07,17.9,Western Australia
2008-08,19.8,Western Australia
2008-09,20.4,Western Australia
2008-10,24,Western Australia
2008-11,23.6,Western Australia
2008-12,27.8,Western Australia
2009-01,32.5,Western Australia
2009-02,31.8,Western Australia
2009-03,29,Western Australia
2009-04,27.6,Western Australia
2009-05,24.4,Western Australia
2009-06,18.8,Western Australia
2009-07,17.8,Western Australia
2009-08,18.9,Western Australia
2009-09,18.6,Western Australia
2009-10,23.3,Western Australia
2009-11,26.5,Western Australia
2009-12,30.8,Western Australia
2000-01,31.8,Australian Capital Territory
2000-02,28.8,Australian Capital Territory
2000-03,27.5,Australian Capital Territory
2000-04,32.3,Australian Capital Territory
2000-05,31.6,Australian Capital Territory
2000-06,27.4,Australian Capital Territory
2000-07,28.5,Australian Capital Territory
2000-08,32.8,Australian Capital Territory
2000-09,31.6,Australian Capital Territory
2000-10,34.5,Australian Capital Territory
2000-11,31.7,Australian Capital Territory
2000-12,28.1,Australian Capital Territory
2001-01,26.9,Australian Capital Territory
2001-02,27.6,Australian Capital Territory
2001-03,31.8,Australian Capital Territory
2001-04,28.8,Australian Capital Territory
2001-05,27.5,Australian Capital Territory
2001-06,32.3,Australian Capital Territory
2001-07,31.6,Australian Capital Territory
2001-08,27.4,Australian Capital Territory
2001-09,28.5,Australian Capital Territory
2001-10,32.8,Australian Capital Territory
2001-11,31.6,Australian Capital Territory
2001-12,34.5,Australian Capital Territory
2002-01,31.7,Australian Capital Territory
2002-02,28.1,Australian Capital Territory
2002-03,26.9,Australian Capital Territory
2002-04,27.6,Australian Capital Territory
2002-05,24.6,Australian Capital Territory
2002-06,23.3,Australian Capital Territory
2002-07,22.1,Australian Capital Territory
2002-08,25.7,Australian Capital Territory
2002-09,24.2,Australian Capital Territory
2002-10,26.3,Australian Capital Territory
2002-11,27.7,Australian Capital Territory
2002-12,25.9,Australian Capital Territory
2003-01,26.3,Australian Capital Territory
2003-02,26,Australian Capital Territory
2003-03,23.4,Australian Capital Territory
2003-04,23,Australian Capital Territory
2003-05,24,Australian Capital Territory
2003-06,25.5,Australian Capital Territory
2003-07,24.6,Australian Capital Territory
2003-08,23.3,Australian Capital Territory
2003-09,22.1,Australian Capital Territory
2003-10,25.7,Australian Capital Territory
2003-11,24.2,Australian Capital Territory
2003-12,26.3,Australian Capital Territory
2004-01,27.7,Australian Capital Territory
2004-02,25.9,Australian Capital Territory
2004-03,26.3,Australian Capital Territory
2004-04,26,Australian Capital Territory
2004-05,23.4,Australian Capital Territory
2004-06,23,Australian Capital Territory
2004-07,24,Australian Capital Territory
2004-08,25.5,Australian Capital Territory
2004-09,16.6,Australian Capital Territory
2004-10,15.8,Australian Capital Territory
2004-11,15.6,Australian Capital Territory
2004-12,17.4,Australian Capital Territory
2005-01,17.6,Australian Capital Territory
2005-02,16.3,Australian Capital Territory
2005-03,17.4,Australian Capital Territory
2005-04,16.4,Australian Capital Territory
2005-05,17.5,Australian Capital Territory
2005-06,16.6,Australian Capital Territory
2005-07,15,Australian Capital Territory
2005-08,16.4,Australian Capital Territory
2005-09,16.1,Australian Capital Territory
2005-10,15,Australian Capital Territory
2005-11,13,Australian Capital Territory
2005-12,13.6,Australian Capital Territory
2006-01,12.9,Australian Capital Territory
2006-02,13.9,Australian Capital Territory
2006-03,13.2,Australian Capital Territory
2006-04,13.8,Australian Capital Territory
2006-05,13,Australian Capital Territory
2006-06,13.6,Australian Capital Territory
2006-07,13.2,Australian Capital Territory
2006-08,14.1,Australian Capital Territory
2006-09,13.5,Australian Capital Territory
2006-10,12.9,Australian Capital Territory
2006-11,12,Australian Capital Territory
2006-12,13.1,Australian Capital Territory
2007-01,12.8,Australian Capital Territory
2007-02,12.3,Australian Capital Territory
2007-03,13,Australian Capital Territory
2007-04,13.4,Australian Capital Territory
2007-05,12.2,Australian Capital Territory
2007-06,11.5,Australian Capital Territory
2007-07,12.7,Australian Capital Territory
2007-08,12.9,Australian Capital Territory
2007-09,13.3,Australian Capital Territory
2007-10,13.7,Australian Capital Territory
2007-11,13.2,Australian Capital Territory
2007-12,11.9,Australian Capital Territory
2008-01,12.7,Australian Capital Territory
2008-02,14.5,Australian Capital Territory
2008-03,12.3,Australian Capital Territory
2008-04,16,Australian Capital Territory
2008-05,13.6,Australian Capital Territory
2008-06,14.8,Australian Capital Territory
2008-07,14.3,Australian Capital Territory
2008-08,13.7,Australian Capital Territory
2008-09,14.3,Australian Capital Territory
2008-10,13.9,Australian Capital Territory
2008-11,13.9,Australian Capital Territory
2008-12,14.2,Australian Capital Territory
2009-01,12.8,Australian Capital Territory
2009-02,14.7,Australian Capital Territory
2009-03,14.1,Australian Capital Territory
2009-04,15.7,Australian Capital Territory
2009-05,16.3,Australian Capital Territory
2009-06,18.2,Australian Capital Territory
2009-07,18,Australian Capital Territory
2009-08,19.9,Australian Capital Territory
2009-09,17.9,Australian Capital Territory
2009-10,17.4,Australian Capital Territory
2009-11,15.8,Australian Capital Territory
2009-12,18.1,Australian Capital Territory
2010-01,18,Australian Capital Territory
2011-01,18.8,Australian Capital Territory
2012-01,17.6,Australian Capital Territory
2013-01,17.3,Australian Capital Territory
2014-01,16.2,Australian Capital Territory
2015-01,20.9,Australian Capital Territory
2016-01,19.6,Australian Capital Territory
2017-01,20.6,Australian Capital Territory
2018-01,20.8,Australian Capital Territory
2019-01,21.9,Australian Capital Territory
2020-01,22.5,Australian Capital Territory
2021-01,24.8,Australian Capital Territory
2022-01,18.5,Australian Capital Territory
2023-01,23.2,Australian Capital Territory
2010-02,22.8,Australian Capital Territory
2011-02,23.6,Australian Capital Territory
2012-02,20.3,Australian Capital Territory
2013-02,19.2,Australian Capital Territory
2014-02,18.3,Australian Capital Territory
2015-02,21.9,Australian Capital Territory
2016-02,22.5,Australian Capital Territory
2017-02,25.4,Australian Capital Territory
2018-02,25.4,Australian Capital Territory
2019-02,23.8,Australian Capital Territory
2020-02,27.9,Australian Capital Territory
2021-02,25.3,Australian Capital Territory
2022-02,24.8,Australian Capital Territory
2023-02,24.3,Australian Capital Territory
2010-03,24.5,Australian Capital Territory
2011-03,26.8,Australian Capital Territory
2012-03,25.1,Australian Capital Territory
2013-03,20.2,Australian Capital Territory
2014-03,20.7,Australian Capital Territory
2015-03,25.5,Australian Capital Territory
2016-03,25,Australian Capital Territory
2017-03,23.6,Australian Capital Territory
2018-03,27.7,Australian Capital Territory
2019-03,28.5,Australian Capital Territory
2020-03,27.7,Australian Capital Territory
2021-03,29.3,Australian Capital Territory
2022-03,28.7,Australian Capital Territory
2023-03,27.8,Australian Capital Territory
2010-04,29.3,Australian Capital Territory
2011-04,31.7,Australian Capital Territory
2012-04,25.4,Australian Capital Territory
2013-04,25.2,Australian Capital Territory
2014-04,23.9,Australian Capital Territory
2015-04,27.1,Australian Capital Territory
2016-04,24.4,New South Wales
2017-04,24.7,New South Wales
2018-04,23.9,New South Wales
2019-04,24.5,New South Wales
2020-04,24,New South Wales
2021-04,24.8,New South Wales
2022-04,24.8,New South Wales
2023-04,26.5,New South Wales
2010-05,24.5,New South Wales
2011-05,26,New South Wales
2012-05,25.3,New South Wales
2013-05,23.7,New South Wales
2014-05,24.6,New South Wales
2015-05,23.8,New South Wales
2016-05,25.1,New South Wales
2017-05,26.5,New South Wales
2018-05,23.4,New South Wales
2019-05,23.7,New South Wales
2020-05,23.4,New South Wales
2021-05,24.4,New South Wales
2022-05,25.2,New South Wales
2023-05,25.7,New South Wales
2010-06,24.5,New South Wales
2011-06,25,New South Wales
2012-06,24.8,New South Wales
2013-06,23.8,New South Wales
2014-06,25.1,New South Wales
2015-06,24.9,New South Wales
2016-06,23.8,New South Wales
2017-06,24.1,New South Wales
2018-06,22.7,New South Wales
2019-06,24.1,New South Wales
2020-06,24.1,New South Wales
2021-06,24.4,New South Wales
2022-06,24.1,New South Wales
2023-06,24,New South Wales
2010-07,24.8,New South Wales
2011-07,24.8,New South Wales
2012-07,23.6,New South Wales
2013-07,23.7,New South Wales
2014-07,23.9,New South Wales
2015-07,25.8,New South Wales
2016-07,22.8,New South Wales
2017-07,21.9,New South Wales
2018-07,22,New South Wales
2019-07,22.5,New South Wales
2020-07,22.6,New South Wales
2021-07,21.2,New South Wales
2022-07,23.2,New South Wales
2023-07,22.2,New South Wales
2010-08,24,New South Wales
2011-08,23.1,New South Wales
2012-08,23,New South Wales
2013-08,22.4,New South Wales
2014-08,22.6,New South Wales
2015-08,21.6,New South Wales
2016-08,20.2,New South Wales
2017-08,18.4,New South Wales
2018-08,19.3,New South Wales
2019-08,19.8,New South Wales
2020-08,21.5,New South Wales
2021-08,19.5,New South Wales
2022-08,21.9,New South Wales
2023-08,20.1,New South Wales
2010-09,20.1,New South Wales
2011-09,21.1,New South Wales
2012-09,19.6,New South Wales
2013-09,19.6,New South Wales
2014-09,20.4,New South Wales
2015-09,19.4,New South Wales
2016-09,17.1,New South Wales
2017-09,17.6,New South Wales
2018-09,17,New South Wales
2019-09,17.5,New South Wales
2020-09,18.5,New South Wales
2021-09,17.8,New South Wales
2022-09,18.3,New South Wales
2023-09,17.4,New South Wales
2010-10,17.1,New South Wales
2011-10,17.8,New South Wales
2012-10,18.2,New South Wales
2013-10,17.3,New South Wales
2014-10,17.1,New South Wales
2015-10,18.1,New South Wales
2016-10,16.4,New South Wales
2017-10,16.6,New South Wales
2018-10,16.5,New South Wales
2019-10,18.3,New South Wales
2020-10,17.8,New South Wales
2021-10,16.4,New South Wales
2022-10,17.9,New South Wales
2023-10,18.2,New South Wales
2010-11,18.7,New South Wales
2011-11,18.4,New South Wales
2012-11,17.6,New South Wales
2013-11,17.2,New South Wales
2014-11,16.8,New South Wales
2015-11,18.7,New South Wales
2016-11,17.2,New South Wales
2017-11,18.1,New South Wales
2018-11,18,New South Wales
2019-11,19.4,New South Wales
2020-11,16.7,New South Wales
2021-11,17.8,New South Wales
2022-11,18,New South Wales
2023-11,17.9,New South Wales
2010-12,17.4,New South Wales
2011-12,17.9,New South Wales
2012-12,17.9,New South Wales
2013-12,18.8,New South Wales
2014-12,18.2,New South Wales
2015-12,18.5,New South Wales
2016-12,19.4,New South Wales
2017-12,19.9,New South Wales
2018-12,20.1,New South Wales
2019-12,22.3,New South Wales
2020-12,19.4,New South Wales
2021-12,18.8,New South Wales
2022-12,19.4,New South Wales
2023-12,21.4,New South Wales
2010-01,18.6,New South Wales
2011-01,19.9,New South Wales
2012-01,20.5,New South Wales
2013-01,20.1,New South Wales
2014-01,18.5,New South Wales
2015-01,21.2,New South Wales
2016-01,19.9,New South Wales
2017-01,19.5,New South Wales
2018-01,20.5,New South Wales
2019-01,23.1,New South Wales
2020-01,21.5,New South Wales
2021-01,22.3,New South Wales
2022-01,21.5,New South Wales
2023-01,21.3,New South Wales
2010-02,19.2,New South Wales
2011-02,21.7,New South Wales
2012-02,20.9,New South Wales
2013-02,21,New South Wales
2014-02,20.4,New South Wales
2015-02,21.9,New South Wales
2016-02,20.8,New South Wales
2017-02,23.1,New South Wales
2018-02,21.2,New South Wales
2019-02,21.7,New South Wales
2020-02,22.7,New South Wales
2021-02,23.8,New South Wales
2022-02,22.6,New South Wales
2023-02,21.2,New South Wales
2010-03,22.7,New South Wales
2011-03,23.3,New South Wales
2012-03,22.8,New South Wales
2013-03,20.3,New South Wales
2014-03,21.2,New South Wales
2015-03,21.7,New South Wales
2016-03,23.3,New South Wales
2017-03,20.6,New South Wales
2018-03,23.2,New South Wales
2019-03,23.4,New South Wales
2020-03,23.3,New South Wales
2021-03,23.1,New South Wales
2022-03,25,New South Wales
2023-03,24.3,New South Wales
2010-04,23.5,New South Wales
2011-04,23.4,New South Wales
2012-04,23.5,New South Wales
2013-04,23.1,New South Wales
2014-04,21.6,New South Wales
2015-04,25.1,New South Wales
2016-04,31.5,Northern Territory
2017-04,31.1,Northern Territory
2018-04,32.6,Northern Territory
2019-04,32.9,Northern Territory
2020-04,31.7,Northern Territory
2021-04,31.2,Northern Territory
2022-04,33,Northern Territory
2023-04,32,Northern Territory
2010-05,31.8,Northern Territory
2011-05,32.7,Northern Territory
2012-05,32.8,Northern Territory
2013-05,31.8,Northern Territory
2014-05,32.6,Northern Territory
2015-05,31.8,Northern Territory
2016-05,32.6,Northern Territory
2017-05,30.5,Northern Territory
2018-05,32.4,Northern Territory
2019-05,32.6,Northern Territory
2020-05,31.3,Northern Territory
2021-05,32.6,Northern Territory
2022-05,33.5,Northern Territory
2023-05,31.6,Northern Territory
2010-06,31.6,Northern Territory
2011-06,33.1,Northern Territory
2012-06,33.4,Northern Territory
2013-06,31.4,Northern Territory
2014-06,31.7,Northern Territory
2015-06,31.4,Northern Territory
2016-06,33.3,Northern Territory
2017-06,31,Northern Territory
2018-06,31.8,Northern Territory
2019-06,32,Northern Territory
2020-06,33,Northern Territory
2021-06,32.7,Northern Territory
2022-06,33.7,Northern Territory
2023-06,32.1,Northern Territory
2010-07,32.7,Northern Territory
2011-07,33.4,Northern Territory
2012-07,33.2,Northern Territory
2013-07,32.3,Northern Territory
2014-07,33.4,Northern Territory
2015-07,32.5,Northern Territory
2016-07,32.5,Northern Territory
2017-07,31.7,Northern Territory
2018-07,32.8,Northern Territory
2019-07,33.7,Northern Territory
2020-07,33,Northern Territory
2021-07,33.2,Northern Territory
2022-07,34.5,Northern Territory
2023-07,32,Northern Territory
2010-08,33.8,Northern Territory
2011-08,33.1,Northern Territory
2012-08,33.7,Northern Territory
2013-08,33,Northern Territory
2014-08,33.9,Northern Territory
2015-08,32.7,Northern Territory
2016-08,32.3,Northern Territory
2017-08,30.8,Northern Territory
2018-08,31.1,Northern Territory
2019-08,32.7,Northern Territory
2020-08,32.7,Northern Territory
2021-08,32.6,Northern Territory
2022-08,33.5,Northern Territory
2023-08,32.9,Northern Territory
2010-09,32.7,Northern Territory
2011-09,32.3,Northern Territory
2012-09,32.1,Northern Territory
2013-09,32.7,Northern Territory
2014-09,33.6,Northern Territory
2015-09,32.2,Northern Territory
2016-09,31.1,Northern Territory
2017-09,29,Northern Territory
2018-09,29.7,Northern Territory
2019-09,31.8,Northern Territory
2020-09,31.2,Northern Territory
2021-09,32,Northern Territory
2022-09,33.2,Northern Territory
2023-09,31.3,Northern Territory
2010-10,31.6,Northern Territory
2011-10,31,Northern Territory
2012-10,32.4,Northern Territory
2013-10,31.8,Northern Territory
2014-10,31.9,Northern Territory
2015-10,32.6,Northern Territory
2016-10,32.6,Northern Territory
2017-10,31.2,Northern Territory
2018-10,30.6,Northern Territory
2019-10,31.5,Northern Territory
2020-10,31.1,Northern Territory
2021-10,31.3,Northern Territory
2022-10,31.5,Northern Territory
2023-10,32.6,Northern Territory
2010-11,31.9,Northern Territory
2011-11,31.3,Northern Territory
2012-11,32,Northern Territory
2013-11,32.3,Northern Territory
2014-11,29.8,Northern Territory
2015-11,31.6,Northern Territory
2016-11,32.8,Northern Territory
2017-11,31.9,Northern Territory
2018-11,31.4,Northern Territory
2019-11,32.1,Northern Territory
2020-11,31.9,Northern Territory
2021-11,31.8,Northern Territory
2022-11,32.6,Northern Territory
2023-11,33.1,Northern Territory
2010-12,32,Northern Territory
2011-12,32,Northern Territory
2012-12,32.6,Northern Territory
2013-12,33.4,Northern Territory
2014-12,32.8,Northern Territory
2015-12,33.3,Northern Territory
2016-12,34,Northern Territory
2017-12,32.8,Northern Territory
2018-12,33.7,Northern Territory
2019-12,33.3,Northern Territory
2020-12,33.2,Northern Territory
2021-12,33.2,Northern Territory
2022-12,33.2,Northern Territory
2023-12,34.1,Northern Territory
2010-01,33.6,Northern Territory
2011-01,32.7,Northern Territory
2012-01,33.9,Northern Territory
2013-01,34.1,Northern Territory
2014-01,33.8,Northern Territory
2015-01,33.7,Northern Territory
2016-01,33.7,Northern Territory
2017-01,33.3,Northern Territory
2018-01,33.9,Northern Territory
2019-01,34.1,Northern Territory
2020-01,34.3,Northern Territory
2021-01,33.8,Northern Territory
2022-01,33.8,Northern Territory
2023-01,33.9,Northern Territory
2010-02,34.2,Northern Territory
2011-02,34.3,Northern Territory
2012-02,33.6,Northern Territory
2013-02,34.5,Northern Territory
2014-02,33.8,Northern Territory
2015-02,34.6,Northern Territory
2016-02,33,Northern Territory
2017-02,32.9,Northern Territory
2018-02,33.9,Northern Territory
2019-02,32.9,Northern Territory
2020-02,34.3,Northern Territory
2021-02,34.7,Northern Territory
2022-02,33.7,Northern Territory
2023-02,33.9,Northern Territory
2010-03,34,Northern Territory
2011-03,34.5,Northern Territory
2012-03,35,Northern Territory
2013-03,34.7,Northern Territory
2014-03,34.1,Northern Territory
2015-03,34.4,Northern Territory
2016-03,31.9,Northern Territory
2017-03,33.3,Northern Territory
2018-03,34.2,Northern Territory
2019-03,32.6,Northern Territory
2020-03,34,Northern Territory
2021-03,32.4,Northern Territory
2022-03,32.6,Northern Territory
2023-03,33.9,Northern Territory
2010-04,34,Northern Territory
2011-04,35.3,Northern Territory
2012-04,32.6,Northern Territory
2013-04,33.5,Northern Territory
2014-04,33.1,Northern Territory
2015-04,34.1,Northern Territory
2016-04,31.1,Queensland
2017-04,29.6,Queensland
2018-04,28.7,Queensland
2019-04,30.5,Queensland
2020-04,30.7,Queensland
2021-04,30.5,Queensland
2022-04,30.4,Queensland
2023-04,31.4,Queensland
2010-05,31.8,Queensland
2011-05,31.9,Queensland
2012-05,30.9,Queensland
2013-05,29.9,Queensland
2014-05,29.7,Queensland
2015-05,30,Queensland
2016-05,30.1,Queensland
2017-05,30.6,Queensland
2018-05,29.8,Queensland
2019-05,28.5,Queensland
2020-05,30.2,Queensland
2021-05,29.3,Queensland
2022-05,32,Queensland
2023-05,32.5,Queensland
2010-06,29.7,Queensland
2011-06,31.6,Queensland
2012-06,29.9,Queensland
2013-06,30,Queensland
2014-06,29.1,Queensland
2015-06,30.9,Queensland
2016-06,28.2,Queensland
2017-06,28.7,Queensland
2018-06,28.2,Queensland
2019-06,28.4,Queensland
2020-06,29.2,Queensland
2021-06,30.2,Queensland
2022-06,29.9,Queensland
2023-06,30.6,Queensland
2010-07,28.7,Queensland
2011-07,31.2,Queensland
2012-07,28.7,Queensland
2013-07,28.5,Queensland
2014-07,29.2,Queensland
2015-07,30.8,Queensland
2016-07,27.3,Queensland
2017-07,26.2,Queensland
2018-07,26.5,Queensland
2019-07,26.7,Queensland
2020-07,28.2,Queensland
2021-07,26.1,Queensland
2022-07,28.8,Queensland
2023-07,26.2,Queensland
2010-08,27.8,Queensland
2011-08,26.9,Queensland
2012-08,28.7,Queensland
2013-08,26.3,Queensland
2014-08,27,Queensland
2015-08,27.3,Queensland
2016-08,23.8,Queensland
2017-08,23.4,Queensland
2018-08,24,Queensland
2019-08,23.3,Queensland
2020-08,25.1,Queensland
2021-08,24.5,Queensland
2022-08,27,Queensland
2023-08,24.7,Queensland
2010-09,24.8,Queensland
2011-09,24.9,Queensland
2012-09,24,Queensland
2013-09,23.9,Queensland
2014-09,23.8,Queensland
2015-09,24,Queensland
2016-09,21.6,Queensland
2017-09,20.9,Queensland
2018-09,21.1,Queensland
2019-09,21,Queensland
2020-09,23.3,Queensland
2021-09,21.6,Queensland
2022-09,21.5,Queensland
2023-09,22.8,Queensland
2010-10,22.6,Queensland
2011-10,22.8,Queensland
2012-10,22.7,Queensland
2013-10,21.7,Queensland
2014-10,21.3,Queensland
2015-10,23.3,Queensland
2016-10,21.7,Queensland
2017-10,21.5,Queensland
2018-10,21.4,Queensland
2019-10,21.8,Queensland
2020-10,22.4,Queensland
2021-10,21.1,Queensland
2022-10,22.5,Queensland
2023-10,22.9,Queensland
2010-11,23.2,Queensland
2011-11,23.5,Queensland
2012-11,22.1,Queensland
2013-11,21.7,Queensland
2014-11,19.9,Queensland
2015-11,22.6,Queensland
2016-11,22,Queensland
2017-11,22.6,Queensland
2018-11,23.3,Queensland
2019-11,24.8,Queensland
2020-11,22.7,Queensland
2021-11,23.7,Queensland
2022-11,23,Queensland
2023-11,24.7,Queensland
2010-12,24.3,Queensland
2011-12,24.1,Queensland
2012-12,23.4,Queensland
2013-12,23.8,Queensland
2014-12,22.4,Queensland
2015-12,24.5,Queensland
2016-12,24.8,Queensland
2017-12,24.9,Queensland
2018-12,25.5,Queensland
2019-12,27.2,Queensland
2020-12,25.2,Queensland
2021-12,24.7,Queensland
2022-12,24.9,Queensland
2023-12,27.3,Queensland
2010-01,24.9,Queensland
2011-01,27.4,Queensland
2012-01,25.9,Queensland
2013-01,25.2,Queensland
2014-01,24.3,Queensland
2015-01,25.9,Queensland
2016-01,24.8,Queensland
2017-01,25.6,Queensland
2018-01,27.3,Queensland
2019-01,28.8,Queensland
2020-01,27.8,Queensland
2021-01,27.1,Queensland
2022-01,27.1,Queensland
2023-01,27,Queensland
2010-02,26.1,Queensland
2011-02,26.8,Queensland
2012-02,27.8,Queensland
2013-02,28.3,Queensland
2014-02,25.8,Queensland
2015-02,27.5,Queensland
2016-02,26.6,Queensland
2017-02,28.8,Queensland
2018-02,28.2,Queensland
2019-02,28.5,Queensland
2020-02,29.6,Queensland
2021-02,29.2,Queensland
2022-02,30.2,Queensland
2023-02,27,Queensland
2010-03,29.8,Queensland
2011-03,30.6,Queensland
2012-03,28.9,Queensland
2013-03,27.3,Queensland
2014-03,28,Queensland
2015-03,27.9,Queensland
2016-03,27.8,Queensland
2017-03,27.6,Queensland
2018-03,30.5,Queensland
2019-03,29.7,Queensland
2020-03,29.9,Queensland
2021-03,29.2,Queensland
2022-03,30.1,Queensland
2023-03,30.7,Queensland
2010-04,30.1,Queensland
2011-04,31.9,Queensland
2012-04,29.9,Queensland
2013-04,29.5,Queensland
2014-04,28.1,Queensland
2015-04,31.6,Queensland
2016-04,29.6,South Australia
2017-04,29.1,South Australia
2018-04,30,South Australia
2019-04,28.5,South Australia
2020-04,30.7,South Australia
2021-04,27.6,South Australia
2022-04,29.1,South Australia
2023-04,29.1,South Australia
2010-05,30.3,South Australia
2011-05,31.2,South Australia
2012-05,27.6,South Australia
2013-05,27.9,South Australia
2014-05,28,South Australia
2015-05,29.1,South Australia
2016-05,29.7,South Australia
2017-05,27.6,South Australia
2018-05,26.7,South Australia
2019-05,28.7,South Australia
2020-05,28.2,South Australia
2021-05,31,South Australia
2022-05,27.2,South Australia
2023-05,27.2,South Australia
2010-06,29,South Australia
2011-06,28.2,South Australia
2012-06,25.5,South Australia
2013-06,26.3,South Australia
2014-06,27.2,South Australia
2015-06,28.1,South Australia
2016-06,26.7,South Australia
2017-06,24.3,South Australia
2018-06,25.3,South Australia
2019-06,27.3,South Australia
2020-06,26,South Australia
2021-06,24.1,South Australia
2022-06,27.1,South Australia
2023-06,27.8,South Australia
2010-07,26.3,South Australia
2011-07,25.6,South Australia
2012-07,24.9,South Australia
2013-07,25,South Australia
2014-07,26.3,South Australia
2015-07,24.1,South Australia
2016-07,23.2,South Australia
2017-07,22.3,South Australia
2018-07,23.6,South Australia
2019-07,23.2,South Australia
2020-07,22.8,South Australia
2021-07,20.1,South Australia
2022-07,23.8,South Australia
2023-07,22.8,South Australia
2010-08,25.3,South Australia
2011-08,24,South Australia
2012-08,21.1,South Australia
2013-08,22.5,South Australia
2014-08,23.4,South Australia
2015-08,21.8,South Australia
2016-08,19.4,South Australia
2017-08,17.9,South Australia
2018-08,18,South Australia
2019-08,20.6,South Australia
2020-08,20.4,South Australia
2021-08,18.1,South Australia
2022-08,19.6,South Australia
2023-08,19,South Australia
2010-09,18.6,South Australia
2011-09,18.5,South Australia
2012-09,17.4,South Australia
2013-09,19.1,South Australia
2014-09,18.7,South Australia
2015-09,17.5,South Australia
2016-09,15.7,South Australia
2017-09,16.5,South Australia
2018-09,15.3,South Australia
2019-09,16.1,South Australia
2020-09,16.5,South Australia
2021-09,16,South Australia
2022-09,16.1,South Australia
2023-09,16.5,South Australia
2010-10,15.7,South Australia
2011-10,16.1,South Australia
2012-10,15.6,South Australia
2013-10,16.6,South Australia
2014-10,15.4,South Australia
2015-10,16.9,South Australia
2016-10,15,South Australia
2017-10,15.5,South Australia
2018-10,15.1,South Australia
2019-10,15.9,South Australia
2020-10,15.1,South Australia
2021-10,14.5,South Australia
2022-10,15.1,South Australia
2023-10,16.2,South Australia
2010-11,15.9,South Australia
2011-11,16.1,South Australia
2012-11,15.1,South Australia
2013-11,15.2,South Australia
2014-11,14.8,South Australia
2015-11,15.5,South Australia
2016-11,15,South Australia
2017-11,15.5,South Australia
2018-11,15.1,South Australia
2019-11,15.9,South Australia
2020-11,15.1,South Australia
2021-11,14.5,South Australia
2022-11,15.1,South Australia
2023-11,16.2,South Australia
2010-12,15.9,South Australia
2011-12,16.1,South Australia
2012-12,15.1,South Australia
2013-12,15.2,South Australia
2014-12,14.8,South Australia
2015-12,15.5,South Australia
2016-12,15,South Australia
2017-12,17.3,South Australia
2018-12,15.5,South Australia
2019-12,16.7,South Australia
2020-12,16.3,South Australia
2021-12,15.5,South Australia
2022-12,17,South Australia
2023-12,15.6,South Australia
2010-01,16.8,South Australia
2011-01,15.2,South Australia
2012-01,15.8,South Australia
2013-01,16.5,South Australia
2014-01,15.9,South Australia
2015-01,17.1,South Australia
2016-01,16.1,South Australia
2017-01,20.5,South Australia
2018-01,19.1,South Australia
2019-01,21.3,South Australia
2020-01,20.1,South Australia
2021-01,18.5,South Australia
2022-01,16.9,South Australia
2023-01,18.7,South Australia
2010-02,18.3,South Australia
2011-02,18.8,South Australia
2012-02,20.5,South Australia
2013-02,19.2,South Australia
2014-02,16.9,South Australia
2015-02,21.1,South Australia
2016-02,20.5,South Australia
2017-02,21.3,South Australia
2018-02,21.9,South Australia
2019-02,21.8,South Australia
2020-02,24.5,South Australia
2021-02,25.4,South Australia
2022-02,20.3,South Australia
2023-02,22.9,South Australia
2010-03,23,South Australia
2011-03,23.4,South Australia
2012-03,21.4,South Australia
2013-03,20.6,South Australia
2014-03,20.2,South Australia
2015-03,20.9,South Australia
2016-03,23,South Australia
2017-03,25.5,South Australia
2018-03,26.6,South Australia
2019-03,24.2,South Australia
2020-03,25.3,South Australia
2021-03,25.7,South Australia
2022-03,22.7,South Australia
2023-03,27,South Australia
2010-04,23.3,South Australia
2011-04,22.7,South Australia
2012-04,28,South Australia
2013-04,22.9,South Australia
2014-04,22.2,South Australia
2015-04,23.5,South Australia
2016-04,24.1,Tasmania
2017-04,22.5,Tasmania
2018-04,23.7,Tasmania
2019-04,23.9,Tasmania
2020-04,23.5,Tasmania
2021-04,21.5,Tasmania
2022-04,22.5,Tasmania
2023-04,23,Tasmania
2010-05,24.4,Tasmania
2011-05,25.9,Tasmania
2012-05,24.3,Tasmania
2013-05,22.5,Tasmania
2014-05,22.1,Tasmania
2015-05,23.5,Tasmania
2016-05,23.1,Tasmania
2017-05,20.7,Tasmania
2018-05,22.5,Tasmania
2019-05,23.5,Tasmania
2020-05,23.1,Tasmania
2021-05,22.5,Tasmania
2022-05,23.8,Tasmania
2023-05,22.9,Tasmania
2010-06,21.7,Tasmania
2011-06,22.9,Tasmania
2012-06,20.8,Tasmania
2013-06,22.5,Tasmania
2014-06,22.5,Tasmania
2015-06,23.2,Tasmania
2016-06,22.7,Tasmania
2017-06,20,Tasmania
2018-06,20.7,Tasmania
2019-06,22.9,Tasmania
2020-06,22,Tasmania
2021-06,20.3,Tasmania
2022-06,21.6,Tasmania
2023-06,22.4,Tasmania
2010-07,21.4,Tasmania
2011-07,21.5,Tasmania
2012-07,20,Tasmania
2013-07,21.2,Tasmania
2014-07,21.5,Tasmania
2015-07,20.7,Tasmania
2016-07,19.3,Tasmania
2017-07,18.1,Tasmania
2018-07,19.6,Tasmania
2019-07,17.9,Tasmania
2020-07,18.3,Tasmania
2021-07,16.7,Tasmania
2022-07,20.4,Tasmania
2023-07,19.2,Tasmania
2010-08,18.8,Tasmania
2011-08,19.6,Tasmania
2012-08,17.3,Tasmania
2013-08,18.5,Tasmania
2014-08,19,Tasmania
2015-08,19,Tasmania
2016-08,15.6,Tasmania
2017-08,14.9,Tasmania
2018-08,15.4,Tasmania
2019-08,16,Tasmania
2020-08,15.6,Tasmania
2021-08,14.6,Tasmania
2022-08,15.6,Tasmania
2023-08,14.7,Tasmania
2010-09,15.8,Tasmania
2011-09,15.8,Tasmania
2012-09,15.5,Tasmania
2013-09,15.7,Tasmania
2014-09,15.1,Tasmania
2015-09,15.5,Tasmania
2016-09,13.4,Tasmania
2017-09,13.2,Tasmania
2018-09,12.5,Tasmania
2019-09,13,Tasmania
2020-09,13.3,Tasmania
2021-09,12.9,Tasmania
2022-09,13.5,Tasmania
2023-09,13.9,Tasmania
2010-10,12.8,Tasmania
2011-10,13.6,Tasmania
2012-10,12.8,Tasmania
2013-10,13.4,Tasmania
2014-10,12.5,Tasmania
2015-10,13.6,Tasmania
2016-10,13.9,Tasmania
2017-10,12,Tasmania
2018-10,12.9,Tasmania
2019-10,13.7,Tasmania
2020-10,13.4,Tasmania
2021-10,12.1,Tasmania
2022-10,13.2,Tasmania
2023-10,12.2,Tasmania
2010-11,13.4,Tasmania
2011-11,13.5,Tasmania
2012-11,12.5,Tasmania
2013-11,13,Tasmania
2014-11,12.8,Tasmania
2015-11,14.7,Tasmania
2016-11,13.8,Tasmania
2017-11,14.7,Tasmania
2018-11,13.8,Tasmania
2019-11,14.2,Tasmania
2020-11,14.6,Tasmania
2021-11,12.4,Tasmania
2022-11,14.3,Tasmania
2023-11,13.3,Tasmania
2010-12,13.9,Tasmania
2011-12,13.7,Tasmania
2012-12,13.6,Tasmania
2013-12,14.4,Tasmania
2014-12,14.6,Tasmania
2015-12,15.2,Tasmania
2016-12,14.8,Tasmania
2017-12,16.3,Tasmania
2018-12,15.9,Tasmania
2019-12,16.7,Tasmania
2020-12,17.9,Tasmania
2021-12,16.2,Tasmania
2022-12,16.2,Tasmania
2023-12,15.1,Tasmania
2010-01,16.3,Tasmania
2011-01,16.7,Tasmania
2012-01,16.8,Tasmania
2013-01,15.8,Tasmania
2014-01,15.3,Tasmania
2015-01,17.5,Tasmania
2016-01,18.5,Tasmania
2017-01,17.1,Tasmania
2018-01,17.5,Tasmania
2019-01,17.7,Tasmania
2020-01,18.1,Tasmania
2021-01,19.7,Tasmania
2022-01,17.2,Tasmania
2023-01,20,Tasmania
2010-02,18.3,Tasmania
2011-02,18.8,Tasmania
2012-02,16,Tasmania
2013-02,16.5,Tasmania
2014-02,16.9,Tasmania
2015-02,18,Tasmania
2016-02,19,Tasmania
2017-02,20.7,Tasmania
2018-02,20.4,Tasmania
2019-02,16.9,Tasmania
2020-02,19.4,Tasmania
2021-02,20.5,Tasmania
2022-02,18.6,Tasmania
2023-02,22.4,Tasmania
2010-03,19.5,Tasmania
2011-03,20.2,Tasmania
2012-03,22.3,Tasmania
2013-03,18.3,Tasmania
2014-03,18.5,Tasmania
2015-03,19,Tasmania
2016-03,20.3,Tasmania
2017-03,20.3,Tasmania
2018-03,22.5,Tasmania
2019-03,21.2,Tasmania
2020-03,20.3,Tasmania
2021-03,22.5,Tasmania
2022-03,22,Tasmania
2023-03,22.5,Tasmania
2010-04,22.3,Tasmania
2011-04,21.8,Tasmania
2012-04,20.7,Tasmania
2013-04,21.1,Tasmania
2014-04,19.8,Tasmania
2015-04,21.3,Tasmania
2016-04,27,Victoria
2017-04,26.2,Victoria
2018-04,27.4,Victoria
2019-04,28,Victoria
2020-04,28.9,Victoria
2021-04,26.9,Victoria
2022-04,27.2,Victoria
2023-04,27.6,Victoria
2010-05,28.3,Victoria
2011-05,30.4,Victoria
2012-05,27.8,Victoria
2013-05,26.1,Victoria
2014-05,30,Victoria
2015-05,26.9,Victoria
2016-05,27.8,Victoria
2017-05,24.2,Victoria
2018-05,26.9,Victoria
2019-05,29,Victoria
2020-05,28.8,Victoria
2021-05,28,Victoria
2022-05,27,Victoria
2023-05,26.7,Victoria
2010-06,27.9,Victoria
2011-06,27.7,Victoria
2012-06,24.9,Victoria
2013-06,25.3,Victoria
2014-06,26.3,Victoria
2015-06,25.9,Victoria
2016-06,25,Victoria
2017-06,22.5,Victoria
2018-06,22.6,Victoria
2019-06,26.9,Victoria
2020-06,25.5,Victoria
2021-06,23.8,Victoria
2022-06,25.7,Victoria
2023-06,27.8,Victoria
2010-07,25.8,Victoria
2011-07,26.4,Victoria
2012-07,22.9,Victoria
2013-07,22.5,Victoria
2014-07,24.6,Victoria
2015-07,23.8,Victoria
2016-07,22.1,Victoria
2017-07,20.3,Victoria
2018-07,21,Victoria
2019-07,20.5,Victoria
2020-07,20.1,Victoria
2021-07,19.4,Victoria
2022-07,22.7,Victoria
2023-07,20.6,Victoria
2010-08,22.9,Victoria
2011-08,22.6,Victoria
2012-08,18.8,Victoria
2013-08,20.6,Victoria
2014-08,20.7,Victoria
2015-08,20.3,Victoria
2016-08,17.3,Victoria
2017-08,15.2,Victoria
2018-08,15.7,Victoria
2019-08,17.7,Victoria
2020-08,18.4,Victoria
2021-08,16.9,Victoria
2022-08,18.1,Victoria
2023-08,16.6,Victoria
2010-09,17.2,Victoria
2011-09,17.5,Victoria
2012-09,15.5,Victoria
2013-09,17.3,Victoria
2014-09,16.4,Victoria
2015-09,16.2,Victoria
2016-09,13.4,Victoria
2017-09,14.6,Victoria
2018-09,13.4,Victoria
2019-09,14.1,Victoria
2020-09,14.7,Victoria
2021-09,13.8,Victoria
2022-09,13.5,Victoria
2023-09,14.3,Victoria
2010-10,13.9,Victoria
2011-10,14.7,Victoria
2012-10,14.2,Victoria
2013-10,14.5,Victoria
2014-10,13.6,Victoria
2015-10,14.4,Victoria
2016-10,13.3,Victoria
2017-10,13.5,Victoria
2018-10,13.6,Victoria
2019-10,14.7,Victoria
2020-10,13.5,Victoria
2021-10,12.7,Victoria
2022-10,13.8,Victoria
2023-10,14,Victoria
2010-11,14.1,Victoria
2011-11,14.3,Victoria
2012-11,13.2,Victoria
2013-11,13.5,Victoria
2014-11,13.4,Victoria
2015-11,14.8,Victoria
2016-11,13.4,Victoria
2017-11,16.3,Victoria
2018-11,14.1,Victoria
2019-11,15.6,Victoria
2020-11,15,Victoria
2021-11,13.4,Victoria
2022-11,15.2,Victoria
2023-11,14.2,Victoria
2010-12,14.8,Victoria
2011-12,14.1,Victoria
2012-12,14.5,Victoria
2013-12,15.8,Victoria
2014-12,15,Victoria
2015-12,15.7,Victoria
2016-12,15.1,Victoria
2017-12,18.4,Victoria
2018-12,17.7,Victoria
2019-12,19.1,Victoria
2020-12,18.1,Victoria
2021-12,17.3,Victoria
2022-12,16.2,Victoria
2023-12,17.7,Victoria
2010-01,17.4,Victoria
2011-01,17.5,Victoria
2012-01,17.7,Victoria
2013-01,17.9,Victoria
2014-01,16.1,Victoria
2015-01,20.7,Victoria
2016-01,19.4,Victoria
2017-01,19.8,Victoria
2018-01,20.3,Victoria
2019-01,18.9,Victoria
2020-01,22.1,Victoria
2021-01,25.5,Victoria
2022-01,18.5,Victoria
2023-01,21.6,Victoria
2010-02,21.8,Victoria
2011-02,21.6,Victoria
2012-02,19,Victoria
2013-02,19.2,Victoria
2014-02,18.9,Victoria
2015-02,19.9,Victoria
2016-02,22,Victoria
2017-02,23.4,Victoria
2018-02,23.3,Victoria
2019-02,21.1,Victoria
2020-02,23.9,Victoria
2021-02,23.6,Victoria
2022-02,21.2,Victoria
2023-02,26.6,Victoria
2010-03,22.5,Victoria
2011-03,22.4,Victoria
2012-03,24.8,Victoria
2013-03,20.3,Victoria
2014-03,20.1,Victoria
2015-03,22.4,Victoria
2016-03,24.1,Victoria
2017-03,24.4,Victoria
2018-03,26,Victoria
2019-03,24.7,Victoria
2020-03,24.9,Victoria
2021-03,29.1,Victoria
2022-03,26.3,Victoria
2023-03,25.6,Victoria
2010-04,26.1,Victoria
2011-04,26.4,Victoria
2012-04,23.8,Victoria
2013-04,24.7,Victoria
2014-04,24.1,Victoria
2015-04,24,Victoria
2016-04,35,Western Australia
2017-04,33.7,Western Australia
2018-04,33.4,Western Australia
2019-04,32.3,Western Australia
2020-04,32.9,Western Australia
2021-04,33.8,Western Australia
2022-04,32.4,Western Australia
2023-04,32,Western Australia
2010-05,31.7,Western Australia
2011-05,31.3,Western Australia
2012-05,31.6,Western Australia
2013-05,33.6,Western Australia
2014-05,34.6,Western Australia
2015-05,33.7,Western Australia
2016-05,33.1,Western Australia
2017-05,34.9,Western Australia
2018-05,31.3,Western Australia
2019-05,34.6,Western Australia
2020-05,33.7,Western Australia
2021-05,33.1,Western Australia
2022-05,32.8,Western Australia
2023-05,30.3,Western Australia
2010-06,30.8,Western Australia
2011-06,32.2,Western Australia
2012-06,33,Western Australia
2013-06,30.8,Western Australia
2014-06,35.1,Western Australia
2015-06,33,Western Australia
2016-06,31.1,Western Australia
2017-06,32.8,Western Australia
2018-06,31.6,Western Australia
2019-06,28.4,Western Australia
2020-06,30.8,Western Australia
2021-06,29.9,Western Australia
2022-06,30,Western Australia
2023-06,28.3,Western Australia
2010-07,30.5,Western Australia
2011-07,31,Western Australia
2012-07,30.3,Western Australia
2013-07,30.4,Western Australia
2014-07,30.5,Western Australia
2015-07,30.6,Western Australia
2016-07,25.7,Western Australia
2017-07,27.9,Western Australia
2018-07,26.4,Western Australia
2019-07,28.7,Western Australia
2020-07,26.9,Western Australia
2021-07,25.7,Western Australia
2022-07,25,Western Australia
2023-07,27.5,Western Australia
2010-08,26.5,Western Australia
2011-08,26,Western Australia
2012-08,26.9,Western Australia
2013-08,27.3,Western Australia
2014-08,26,Western Australia
2015-08,24,Western Australia
2016-08,22.2,Western Australia
2017-08,23.6,Western Australia
2018-08,23,Western Australia
2019-08,21.7,Western Australia
2020-08,21.3,Western Australia
2021-08,21.4,Western Australia
2022-08,20.8,Western Australia
2023-08,22.9,Western Australia
2010-09,24.2,Western Australia
2011-09,22.5,Western Australia
2012-09,22.1,Western Australia
2013-09,22.4,Western Australia
2014-09,22.2,Western Australia
2015-09,22.4,Western Australia
2016-09,19.3,Western Australia
2017-09,19.7,Western Australia
2018-09,19.3,Western Australia
2019-09,19.9,Western Australia
2020-09,19.6,Western Australia
2021-09,21,Western Australia
2022-09,18.5,Western Australia
2023-09,21.5,Western Australia
2010-10,19.3,Western Australia
2011-10,19.6,Western Australia
2012-10,21.3,Western Australia
2013-10,18.8,Western Australia
2014-10,19.9,Western Australia
2015-10,17.4,Western Australia
2016-10,18.3,Western Australia
2017-10,18.4,Western Australia
2018-10,19.2,Western Australia
2019-10,18.7,Western Australia
2020-10,18.4,Western Australia
2021-10,18.7,Western Australia
2022-10,17.7,Western Australia
2023-10,18.1,Western Australia
2010-11,19.1,Western Australia
2011-11,19.3,Western Australia
2012-11,19.4,Western Australia
2013-11,18.3,Western Australia
2014-11,19,Western Australia
2015-11,18.7,Western Australia
2016-11,19.5,Western Australia
2017-11,20.2,Western Australia
2018-11,20,Western Australia
2019-11,20.3,Western Australia
2020-11,21.5,Western Australia
2021-11,19.4,Western Australia
2022-11,17.5,Western Australia
2023-11,18.8,Western Australia
2010-12,18.5,Western Australia
2011-12,20.2,Western Australia
2012-12,19.2,Western Australia
2013-12,19.5,Western Australia
2014-12,18.5,Western Australia
2015-12,20.6,Western Australia
2016-12,22.1,Western Australia
2017-12,20.5,Western Australia
2018-12,21.4,Western Australia
2019-12,20.1,Western Australia
2020-12,22.1,Western Australia
2021-12,22.8,Western Australia
2022-12,18.5,Western Australia
2023-12,20.8,Western Australia
2010-01,20.6,Western Australia
2011-01,23.1,Western Australia
2012-01,21.7,Western Australia
2013-01,21.6,Western Australia
2014-01,21.2,Western Australia
2015-01,22.7,Western Australia
2016-01,25.1,Western Australia
2017-01,24.4,Western Australia
2018-01,24.9,Western Australia
2019-01,24.1,Western Australia
2020-01,24.9,Western Australia
2021-01,27,Western Australia
2022-01,22,Western Australia
2023-01,23.2,Western Australia
2010-02,23.8,Western Australia
2011-02,24.7,Western Australia
2012-02,25.6,Western Australia
2013-02,21.8,Western Australia
2014-02,22.3,Western Australia
2015-02,27.3,Western Australia
2016-02,30.3,Western Australia
2017-02,26.1,Western Australia
2018-02,26.1,Western Australia
2019-02,29.5,Western Australia
2020-02,26.4,Western Australia
2021-02,29,Western Australia
2022-02,28.3,Western Australia
2023-02,30,Western Australia
2010-03,25.7,Western Australia
2011-03,29.8,Western Australia
2012-03,25,Western Australia
2013-03,26.8,Western Australia
2014-03,26.1,Western Australia
2015-03,31.5,Western Australia
2016-03,30.5,Western Australia
2017-03,30.6,Western Australia
2018-03,31.4,Western Australia
2019-03,31.1,Western Australia
2020-03,29.7,Western Australia
2021-03,30.1,Western Australia
2022-03,29.3,Western Australia
2023-03,30.6,Western Australia
2010-04,30.3,Western Australia
2011-04,33.9,Western Australia
2012-04,32.4,Western Australia
2013-04,32.5,Western Australia
2014-04,30.4,Western Australia
2015-04,32.5,Western Australia
2016-04,,
2017-04,,
2018-04,,
2019-04,,
2020-04,,
2021-04,,
2022-04,,
2023-04,,
2010-05,,
2011-05,,
2012-05,,
2013-05,,
2014-05,,
2015-05,,
2016-05,,
2017-05,,
2018-05,,
2019-05,,
2020-05,,
2021-05,,
2022-05,,
2023-05,,
2010-06,,
2011-06,,
2012-06,,
2013-06,,
2014-06,,
2015-06,,
2016-06,,
2017-06,,
2018-06,,
2019-06,,
2020-06,,
2021-06,,
2022-06,,
2023-06,,
2010-07,,
2011-07,,
2012-07,,
2013-07,,
2014-07,,
2015-07,,
2016-07,,
2017-07,,
2018-07,,
2019-07,,
2020-07,,
2021-07,,
2022-07,,
2023-07,,
2010-08,,
2011-08,,
2012-08,,
2013-08,,
2014-08,,
2015-08,,
2016-08,,
2017-08,,
2018-08,,
2019-08,,
2020-08,,
2021-08,,
2022-08,,
2023-08,,
2010-09,,
2011-09,,
2012-09,,
2013-09,,
2014-09,,
2015-09,,
2016-09,,
2017-09,,
2018-09,,
2019-09,,
2020-09,,
2021-09,,
2022-09,,
2023-09,,
2010-10,,
2011-10,,
2012-10,,
2013-10,,
2014-10,,
2015-10,,
2016-10,,
2017-10,,
2018-10,,
2019-10,,
2020-10,,
2021-10,,
2022-10,,
2023-10,,
2010-11,,
2011-11,,
2012-11,,
2013-11,,
2014-11,,
2015-11,,
2016-11,,
2017-11,,
2018-11,,
2019-11,,
2020-11,,
2021-11,,
2022-11,,
2023-11,,
2010-12,,
2011-12,,
2012-12,,
2013-12,,
2014-12,,
2015-12,,
2016-12,,
2017-12,,
2018-12,,
2019-12,,
2020-12,,
2021-12,,
2022-12,,
2023-12,,